Time,Angle1,Angle2,AngularVel1,AngularVel2
2.660996198654175,1.932811658390284,-1.892011796274804,6.17544026814847,-29.48545780294111
2.7199878692626958,1.351302896355188,-2.365426025427712,-6.870018217589135,-23.802302438345095
2.739001035690308,0.9460096104645,-2.2752903910371143,-21.31645391280496,4.740695598166959
2.7559964656829834,0.7309473267050369,-2.149745932310448,-12.654124305895444,7.386953950607322
2.772008180618286,0.5191715550077052,-1.97366927329244,-13.226301651824135,10.99673955784668
2.7919883728027344,0.1033903779155974,-1.4447816337474833,-20.80966855843032,26.470598213595803
2.8199901580810547,-0.3685131141476941,-0.5841472275821614,-16.852621622973846,30.734983416634037
2.839002847671509,-0.9465622507430208,0.6581523670220824,-30.403333197295453,65.34054998867587
2.854996681213379,-1.1626472230398073,1.1101051023812154,-13.510517771183462,28.257936671403385
2.869995355606079,-1.3370322582768652,1.4529406229043982,-11.626696511388404,22.85772139236783
2.887986898422241,-1.5964364517118643,1.98182525881976,-14.418118339577422,29.396291430896927
2.904989719390869,-1.693789508449358,2.202656158937384,-5.725700277449281,12.98789774503193
2.923994779586792,-1.8105643973360457,2.570695214658555,-6.144410366652741,19.36531912696212
2.9399943351745605,-1.8384110520054484,2.73202248550942,-1.7404642595630044,10.08323449772551
2.956987142562866,-1.8384110520054484,2.874514235793857,0.0,8.385415489526398
2.9789888858795166,-1.7752574382273278,3.123353073138683,2.870391353503676,11.30996002287286
2.9949934482574463,-1.645021985126965,-2.9734497905869746,8.137395451684311,11.645581994228744
3.014995813369751,-1.55200292666843,-2.910244816387825,4.650402986660479,3.159875036990917
3.03498911857605,-1.3336058607527843,-2.810720892718597,10.923509828021832,4.977862471577391
3.051987409591675,-1.1947613844289369,-2.782311431580183,8.16814326782736,1.6713127874031433
3.069995164871216,-0.8836680624405222,-2.736955740474299,17.275519194880122,2.518675448539323
3.0870089530944824,-0.7074833647569964,-2.7143291206557474,10.355406766059938,1.3298989926070184
3.1059882640838623,-0.3306084631550961,-2.633365032472656,19.85714348707313,4.265912931633599
3.121994733810425,-0.1375059507719026,-2.5600053589835743,12.064028838460407,4.583126369666791
3.1379876136779785,0.0454186318903433,-2.458408643462324,11.437876366054784,6.352621689316225
3.1579880714416504,0.3409189076363962,-2.1441037973707004,14.774675621814474,15.71488261946262
3.175987482070923,0.4313621805223226,-1.921468250913024,5.024790797251907,12.369046467310666
3.1939876079559326,0.4594286117461701,-1.3112452831288803,1.559235274416656,33.901038897307274
3.21099591255188,0.3832786109434843,-0.8731236252748683,-4.477224662405846,25.75927867369024
3.231989860534668,0.0231983114617619,0.4093362014660427,-17.151623876411175,61.0871203354575
3.2479944229125977,-0.119273106400286,0.9705119680712228,-8.90192524467375,35.06348710784133
3.2669947147369385,-0.2054830433147128,1.7152662148848965,-4.537295411641274,39.19698990410173
3.2829949855804443,-0.174119617677563,1.9864314906947411,1.96018092092982,16.947542854870147
3.3019962310791016,0.0053250041522228,2.4095581349268675,9.443834712964833,22.26836363237492
3.3219892978668213,0.143710618085597,2.5716807606254104,6.921680170566642,8.108942335856293
3.338994264602661,0.4653480531543993,2.845162104226823,18.91432309543517,16.08243919848549
3.3559906482696533,0.6317729640339282,2.9637258758504657,9.791783601751373,6.975823442600875
3.371995210647583,0.8003833382061208,3.091831395427886,10.535144303895905,8.004312554904844
3.38899564743042,1.088731859310732,-2.900464889981784,16.961241925014445,17.110679301109936
3.404994010925293,1.202958753971025,-2.723992068894441,7.13991119759836,11.030679553186596
3.422990322113037,1.3078398916825855,-2.308302988655359,5.82792421276795,23.098571474034905
3.439996719360352,1.2992835231276776,-2.0694606812043568,-0.5031264664983247,14.044262519430385
3.459990978240967,1.160733726925946,-1.474337691390309,-6.929478958385289,29.764693623679616
3.475996494293213,1.0289757347296198,-1.090382590721393,-8.232036490809454,23.988923532086588
3.4939956665039062,0.8414244326071052,-0.5926855803907654,-10.419995982431338,27.65110553445033
3.5109965801239014,0.3297328931982392,0.6970955309998196,-30.097884787030228,75.86539995554399
3.5279886722564697,0.1299627206896845,1.185223153887138,-11.756655445956516,28.72675236686925
3.554988384246826,-0.1784786152325825,1.8831825315612825,-11.423875041053543,25.85062307047706
3.57199501991272,-0.4379929513094276,2.4029705146355,-15.259592853940866,30.563833628578347
3.5899877548217773,-0.5652798864062246,2.619492695820552,-7.074351716965506,12.033867129118518
3.607988119125366,-0.8080275087524517,2.984689526428609,-13.485706080839076,20.28830219481977
3.623997449874878,-0.9182673622365832,-3.140597104609693,-6.885975135937131,9.862915484215383
3.639988660812378,-1.0141231290725237,-2.9972539236979814,-5.99427818259561,8.963872809379707
3.657993078231812,-1.1568859699108025,-2.745577375153529,-7.929322982935488,13.978599955852914
3.6739871501922607,-1.2004271017215074,-2.6368888762102523,-2.722329367929261,6.79554895163949
3.692993640899658,-1.2368295918971304,-2.456617675891511,-1.9152662496215,9.4847177784681
3.70998740196228,-1.232607058711807,-2.3880167442030142,0.2484754946102482,4.036830424748347
3.730999708175659,-1.1807522404406288,-2.2771052791271904,2.46783088655739,5.278405137899835
3.74898910522461,-1.1271835498923173,-2.238094161215592,2.9777924408776992,2.168561725856995
3.765991926193237,-0.9883083732263254,-2.1779954152440184,8.167772684440532,3.534633816498016
3.784989595413208,-0.8996524913588879,-2.1442368529497253,4.666671518537692,1.776984423900036
3.8059935569763184,-0.688683104590638,-2.06752074189126,10.044266465369056,3.6524591243398223
3.821995735168457,-0.5751008238401532,-2.006681478547414,7.097926256457009,3.8019363747451695
3.8419950008392334,-0.3586249035986451,-1.8104104834491852,10.824193438153596,9.81391008696018
3.859987735748291,-0.2702023966024859,-1.6616407040559205,4.914345008865048,8.268324973674439
3.876996517181397,-0.1688825114077542,-1.2273552557014074,5.956916172579254,25.533013641367084
3.894003629684448,-0.1732310800498111,-0.9122628634854688,-0.255691178692244,18.52709518793377
3.911988496780396,-0.3347586330688193,0.042073279462159,-8.981303679214124,53.0632858089165
3.9299917221069336,-0.4261042157700932,0.5484851104286893,-5.073845438496166,28.12895032869703
3.947989463806152,-0.4280527637005808,1.209458641512641,-0.1082662460130862,36.72535933286804
3.963986873626709,-0.3503863640426796,1.4015410364928638,4.854935925820945,12.007093469181326
3.981994152069092,-0.2335332239749026,1.5243052988387416,6.489217148591741,6.8174800949894685
4.0009870529174805,0.072057941889635,1.5935445133487485,16.089757341647132,3.645531299442395
4.016988277435303,0.2381151347667542,1.5489631348953703,10.377780318760207,-2.786122924762611
4.034988880157471,0.5749271076301613,1.3098163599453871,18.71114973548185,-13.285487082911446
4.050994396209717,0.7372370526790335,1.1246970659534608,10.140875465623918,-11.565968469098388
4.067996501922607,1.061072978792061,0.6510292987893361,19.046812881977445,-27.85935902074765
4.085994243621826,1.220409962752217,0.3597662811732435,8.853165392804392,-16.183309133097282
4.10198712348938,1.3836236530359625,0.0353712333738751,10.20539712893566,-20.283716909391647
4.120988607406616,1.6426579978332738,-0.5301752250483983,13.63232187157447,-29.763278535802343
4.136998414993286,1.7359583999222248,-0.7567228077443316,5.827702899230013,-14.150549996900727
4.154989719390869,1.8444918300074784,-1.091316229683429,6.0325492630670094,-18.59750769288564
4.172993421554565,1.8670184839565012,-1.2304659914361449,1.2512234286149786,-7.728952661375706
4.189995050430298,1.8670184839565012,-1.346033908706061,0.0,-6.797461473522362
4.207988262176514,1.7993128601301558,-1.5138989912531349,-3.762842608717972,-9.329356254720755
4.22599458694458,1.7315753809892689,-1.5670168785913965,-3.761871454246855,-2.949957196843653
4.2439939975738525,1.5274474446115047,-1.5833105141866777,-11.340812240029152,-0.905231617349882
4.2599937915802,1.3879666453135917,-1.5283669440090304,-8.717662192561747,3.4340173477139206
4.281989336013794,1.061072978792061,-1.296588730349179,-14.861812923451293,10.537507464732585
4.297996282577515,0.8636305988095574,-1.076683906230077,-12.334793472104243,13.738086976407486
4.316988468170166,0.385893916440545,-0.3897722776152726,-25.154381523833816,36.16811900156402
4.333991527557373,0.098634335468842,0.0971310375158994,-16.894581994334203,28.6362179913054
4.352993011474609,-0.4221168864271146,0.9113951523512794,-27.405818627858896,42.85265921240801
4.367994785308838,-0.635342187340406,1.1605516446631232,-14.213339253708114,16.608468776096366
4.3829872608184814,-0.8301837259978161,1.3313747282293351,-12.99595510641874,11.393921134393995
4.399988412857056,-1.1568859699108025,1.4853033069161463,-19.216476811202316,9.054008712913095
4.41499662399292,-1.288528933957631,1.4849540429522117,-8.771396061469883,-0.023271525218635
4.431990623474121,-1.3925176918549866,1.4377797403953367,-6.119145643872046,-2.775938801755251
4.45199728012085,-1.5033516226930617,1.2008170281153665,-5.539852699786227,-11.84419348340836
4.468999862670898,-1.5121900479691912,1.022345033637807,-0.5198283996041627,-10.496758004391909
4.488988876342773,-1.4281083037787086,0.5293591545408608,4.206397852875932,-24.662841658395013
4.505993366241455,-1.3336058607527843,0.1953440468856959,5.557499436266584,-19.64275962674194
4.522987604141235,-1.0834742242903994,-0.5405834750170032,14.7186145055448,-43.30453217394434
4.540996313095093,-0.9662206551347116,-0.8576880932556967,6.510936983662691,-17.608403747941658
4.5599987506866455,-0.7451774837424412,-1.3798812345496163,11.632358760674585,-27.480323973070337
4.577998399734497,-0.6380769474772793,-1.5998149288715964,5.950145804534197,-12.218776807108434
4.596987724304199,-0.3941965894487643,-1.9778060694923876,12.843024359993876,-19.90545473238598
4.613998889923096,-0.2604127204079016,-2.136781032231553,7.864473960106049,-9.345330373044645
4.634995937347412,0.0543030750173225,-2.3735093162594527,14.988573824944352,-11.27436059194434
4.650998830795288,0.2294050709630117,-2.4514432360326195,10.941896008745225,-4.869989294561649
4.668001174926758,0.5871876681819657,-2.4968797782225893,21.043133491030343,-2.6723692826491563
4.683996915817261,0.7594644512725417,-2.4670394562402924,10.770165900402969,1.8655167138906243
4.69898796081543,0.9139626747074664,-2.3952484289952585,10.30603426604321,4.788927473288402
4.713987588882446,1.0450332702468643,-2.2929294185457607,8.738256372344006,6.821436504448529
4.730991125106812,1.1988320094980098,-1.9721625107046763,9.045103160997735,18.86471752748944
4.749000310897827,1.2187618635315711,-1.7608755903718254,1.1066493657644458,11.732175056923293
4.768993139266968,1.130799449674392,-1.20062467485021,-4.399698343479567,28.022594161133053
4.78799033164978,1.0190782100699978,-0.8211548862561766,-5.880934264026975,19.975045835581188
4.8059983253479,0.6267286201890978,0.2834085807490484,-21.78752372186014,61.33739746480098
4.821996688842773,0.4337000135655732,0.8086180719324015,-12.065521994508,32.828950995623124
4.840989351272583,0.1569618282346052,1.548212897852151,-14.570794713679469,38.94108204434427
4.855987787246704,0.0499604491332245,1.8310335567739848,-7.134169141769526,18.85667675015075
4.87699031829834,-0.1462584624951627,2.313118779218828,-9.34263166405866,22.953672643531068
4.896990060806274,-0.2421153463194052,2.5166718036026725,-4.792905897974077,10.177782254100936
4.915988922119141,-0.4320366492190485,2.871716368534288,-9.996457144040878,18.6876760183083
4.934990644454956,-0.603436660828605,-3.1058061414807305,-9.020235564988386,16.086057451141624
4.951995849609375,-0.6761758902182549,-2.969941661288316,-4.277468500328438,7.989581952035986
4.967987775802612,-0.7388897507330532,-2.838707785214822,-3.921595169775038,8.20625823854728
4.984995126724243,-0.8172462832263551,-2.6032409873745594,-4.607215600734377,13.84500143057454
5.001995086669922,-0.8330843275830639,-2.4919589325867517,-0.931651863140702,6.546018646126011
5.019992351531982,-0.8330843275830639,-2.2895990017724315,0.0,11.243926916967713
5.039095401763916,-0.8172462832263551,-2.19182670499048,0.8290845788717673,5.118151059379537
5.054995775222778,-0.7891916181109985,-2.095668139096543,1.764402904619823,6.047566501674942
5.073991537094116,-0.7170256230826585,-1.9038734066595997,3.7990576801886,10.096711768446458
5.089991092681885,-0.6727870077350332,-1.7897533636976362,2.7649902589447626,7.132700801340153
5.10798716545105,-0.5874468464139683,-1.5339297179767408,4.742154714293503,14.21552629856168
5.123994588851929,-0.5554338083764201,-1.368226168888117,1.9998870046625037,10.351669031227456
5.140989303588867,-0.5333062084371204,-1.174996069129679,1.302028323617857,11.370011368207733
5.158989906311035,-0.5554338083764201,-0.6347294039488415,-1.2292699461695955,30.01380973290924
5.17598819732666,-0.603436660828605,-0.2691953813430184,-2.823981093632309,21.504163110857466
5.196991920471191,-0.7107681034400201,0.5163289281772642,-5.110115091159968,37.39928888392389
5.219988584518433,-0.6512418382747113,0.9921607459111074,2.588473921392518,20.691341003041103
5.237997770309448,-0.5591313762943657,1.1142073202875018,5.114637777033617,6.776906840357031
5.2579872608184814,-0.2884899093289623,1.1647376312665954,13.539187846888904,2.5278438665687366
5.271987676620483,-0.119273106400286,1.091219258621652,12.086555522478092,-5.251156371686529
5.287991523742676,0.2607684966001617,0.7484148211137599,23.74689036322071,-21.420126978876752
5.305002927780151,0.4733996005653905,0.471556824401198,12.49932712766149,-16.274846926370827
5.3239905834198,0.6996058982329564,0.1295107772556065,11.91333474550806,-18.014127369750664
5.341989517211914,1.1168650780712523,-0.5287128187331228,23.182438729848915,-36.57014374246502
5.359990119934082,1.28653346928549,-0.7691969209942691,9.42570611845618,-13.359780556958077
5.380994319915772,1.5451562018779286,-1.0916212760934612,12.312905648293896,-15.350470638266042
5.402000904083252,1.7183960554498223,-1.2666889937433887,8.246931161710732,-8.333945026671378
5.418993949890137,1.7767065117368548,-1.3191335516825953,3.4314305363319653,-3.0862364837478715
5.437987804412842,1.8487824719638848,-1.3890398515142934,3.794698971758,-3.680469372245261
5.4559948444366455,1.862749357456103,-1.404845432749273,0.7756347225171464,-0.8777445495809401
5.47199010848999,1.834843435803216,-1.39883269122326,-1.744636509895667,0.3759076127758975
5.488993883132935,1.7993128601301558,-1.377218803105208,-2.089569899575414,1.2711229460466127
5.5069873332977295,1.745354886480632,-1.338841104244061,-2.998756389427492,2.132870489520375
5.523987293243408,1.5851065101434754,-1.2049106496905742,-9.426397288535416,7.878280594862901
5.539996385574341,1.4784820514254196,-1.10244710905946,-6.660243848555801,6.400334167174188
5.555987119674683,1.3469949631596032,-0.9585154534837884,-8.222704939043783,9.00094108703834
5.572993755340576,1.0190782100699978,-0.5096812015417727,-19.28169448277389,26.39171325591123
5.587996244430542,0.8098863263716959,-0.1829773924386341,-13.943811753092133,21.77664033907875
5.602988004684448,0.5787163138879419,0.1827574302093944,-15.419804517186058,24.395722480469416
5.619008541107178,0.143197068316412,0.78472042714066,-27.18506010533001,37.57445949670057
5.63700532913208,-0.0477695461582398,0.9721689195294452,-10.611149845761886,10.415663735629412
5.655988931655884,-0.3824846138987666,1.1512506592694334,-17.631799197271672,9.433496066694197
5.672988414764404,-0.523430860602493,1.1464834627239502,-8.291207785787384,-0.2804318528422647
5.694997310638428,-0.7107681034400201,0.9410694992302204,-8.511887370898812,-9.333224377519766
5.709995269775391,-0.7483513252745803,0.731181024657565,-2.5058890673955294,-13.994469024480766
5.726002216339111,-0.7452560877353623,0.4511482599814444,0.1933683933345033,-17.494452396736737
5.745987415313721,-0.635342187340406,-0.2996857397387258,5.49976512791285,-37.56950334465439
5.7629945278167725,-0.5874468464139683,-0.6410482790158817,2.8161947489818404,-20.071751698937828
5.780990839004517,-0.5554338083764201,-1.1528684691903788,1.7788666634832209,-28.440283391135026
5.799994468688965,-0.5652798864062246,-1.3444122236343987,-0.5181156543932308,-10.07932471978083
5.818987846374512,-0.6096417659649219,-1.6440501498739315,-2.3356498403364423,-15.775915753391471
5.835988283157349,-0.6318428110689258,-1.7744336781452978,-1.3059102767534383,-7.669422258785556
5.852989196777344,-0.6761758902182549,-1.9937317585852128,-2.607688041964287,-12.899193851675935
5.869993686676025,-0.688683104590638,-2.095206209946997,-0.7355242319472811,-5.967509285277153
5.887990713119507,-0.6824265459263837,-2.295799087521302,0.3476440224112893,-11.145890028236314
5.90299391746521,-0.6665267214014506,-2.394840143934677,1.0597619120935835,-6.601326898659492
5.919994592666626,-0.6380769474772793,-2.49779928956859,1.673449647564688,-6.056179793690637
5.937992095947266,-0.5394269743541754,-2.71084039987917,5.481314357043293,-11.837259145814594
5.953994035720825,-0.4678033056011561,-2.817774689726793,4.475936653090332,-6.682582946869543
5.970993995666504,-0.3883273236171303,-2.923876532067717,4.675068778866629,-6.241299548937749
5.988992929458618,-0.1915074511478713,3.140175453995018,10.935085085733816,-12.174794554378488
6.006994962692261,-0.0879116150309636,3.027060848071246,5.754674195540622,-6.283435012906241
6.022995948791504,0.1078275739440414,2.781299830990423,12.232945379801524,-15.359116966700451
6.039993047714233,0.1971709381006464,2.651697012717693,5.25638902043042,-7.624996410382542
6.056995868682861,0.3437753626144113,2.3676831826563083,8.622358888814162,-16.703924047981328
6.074002742767334,0.4056718173281284,2.2133478424793367,3.639496265232471,-9.07487992269434
6.089986801147461,0.4594286117461701,2.0495375932891524,3.3631505303357634,-10.248351532164712
6.109988212585449,0.5550759439931362,1.690410302664808,4.782029135469158,-17.95509740588913
6.125008821487427,0.6008498624174751,1.4891180193851268,3.047407646590978,-13.401073458026056
6.144995927810669,0.712119105372879,1.003956118743038,5.56705113566207,-24.27374392249637
6.160993576049805,0.7816047086838983,0.7076808818448451,4.343488634850316,-18.51992445823392
6.176995754241943,0.8729061797562959,0.3475645621850519,5.705565203445299,-22.504206323405786
6.193988084793091,1.057257938691296,-0.4277943925884157,10.849115627788402,-45.62993595490696
6.210990190505981,1.1008723227576285,-0.7259888132187929,2.565234259969613,-17.538675836152034
6.226993083953857,1.1008723227576285,-0.9483227252444794,0.0,-13.893357020082904
6.2429962158203125,0.9906370573236606,-1.2261528088807787,-6.888355751478685,-17.360981959954486
6.25898814201355,0.8888447274013118,-1.2834531542098595,-6.365232598771929,-3.5830796513625773
6.278998613357544,0.6070035700103478,-1.2388463810792736,-14.084683591201598,2.229171535430824
6.297990322113037,0.4354601921168037,-1.1207873396284354,-9.032540468162289,6.216346457855764
6.317989826202393,0.0454186318903433,-0.6959914686513893,-19.502561587717366,21.24032021389667
6.334994316101074,-0.1828296814813054,-0.3576323243503979,-13.422826249515715,19.89822372309
6.353986501693726,-0.6636942021267377,0.4266671567790844,-25.31907232580398,41.29590442886946
6.371993064880371,-0.8677201372637038,0.7331640304430459,-11.330642778533168,17.02139772520686
6.3909912109375,-1.1906004663419951,1.1295873111172825,-16.995359868661144,20.866419253866177
6.409989595413208,-1.3196769990115391,1.2502803396722642,-6.794079403676955,6.352804824499902
6.428990125656128,-1.516728034892354,1.3893740196111375,-10.370817727796888,7.320515699329136
6.446990251541138,-1.582955577611283,1.4010505648546194,-3.679282197358533,0.6486924212683418
6.469991207122803,-1.671335804005874,1.389779618321524,-3.842458896144408,-0.4900207947047245
6.4960150718688965,-1.6850506547563362,1.3002829398016733,-0.5270105299221829,-3.439023350030446
6.523988485336304,-1.5652738853809276,1.029600350531684,4.281807420998677,-9.676423279031384
6.550991058349609,-1.3968843060759109,0.7469888949932707,6.236056809180439,-10.466093560756413
6.5719895362854,-1.1289705597529571,0.2880738911097921,12.758722186540286,-21.854679433754452
6.596991539001465,-0.7734281345735359,-0.3181497047430859,14.220557817593388,-24.2470014397432
6.6170032024383545,-0.593639816823841,-0.5865348264853542,8.984176568664038,-13.411434915876365
6.637990236282349,-0.2549122258268631,-0.9834863505030472,16.13985061037635,-18.91413179053355
6.66098952293396,0.0543030750173225,-1.1756173590780064,13.444560499989334,-8.353781205709632
6.686987638473511,0.3114368358510523,-1.1541607016254667,9.89047688639408,0.8253158741408689
6.706992864608765,0.4693814911157219,-0.8934347513328954,7.895169701997724,13.0328919318293
6.730013132095337,0.4733996005653905,-0.3420577909492659,0.1745466012509341,23.951805108487463
6.7549896240234375,0.3676753508284875,0.4261371401119783,-4.232950329503826,30.756718488434416
6.776998996734619,0.3395483107948554,0.998579217670235,-1.2779573685597332,26.009013753828302
6.795987367630005,0.3634768568622267,1.189947580800867,1.26016845779993,10.078187548839978
6.815993070602417,0.4535349257844677,1.47230433945338,4.501619815431186,14.113813398203671
6.83299732208252,0.5092167020090931,1.5647978241459053,3.27457967142989,5.439432885402575
6.849989175796509,0.6230526021214571,1.6950487437127333,6.699439744978725,7.665492050440232
6.866994380950928,0.673820011027517,1.7412570392378206,2.985404083341362,2.7173030319531137
6.884991645812988,0.712119105372879,1.787189600806536,2.1280508254395443,2.5521967877210243
6.903993844985962,0.7657575469460575,1.8495253246454328,2.822749150501858,3.280447871926067
6.926002740859985,0.7720543927264674,1.9178175801575537,0.286104574098236,3.102938734547104
6.9499900341033936,0.724664103895324,1.98485292019946,-1.9756413677131497,2.794618774268244
6.967988729476929,0.6773715129305311,2.0184126508218845,-2.627556608037867,1.864564621265253
6.98698878288269,0.5489951252299775,2.076058545243912,-6.756632992495893,3.033985915247297
7.002989768981934,0.4653480531543993,2.090280564032331,-5.22761982022687,0.8888213951446212
7.02299165725708,0.2747788837251576,2.084063539490992,-9.527558938824544,-0.3108218812052918
7.047988653182983,0.0676214137660158,1.9984177972591628,-8.28729462425016,-3.4262413965943024
7.066995143890381,-0.0256401249169711,1.9108789362205785,-4.906825784871948,-4.605735082095591
7.0879881381988525,-0.1688825114077542,1.6380024632534935,-6.82334232010809,-12.998454101279206
7.104007720947266,-0.2054830433147128,1.4383523680709165,-2.284736904934952,-12.462877361918492
7.122004985809326,-0.1688825114077542,0.8544138432326884,2.033671904452274,-32.44595938959646
7.1419899463653564,-0.0835044503959353,0.4271997874023218,4.2721155627228296,-21.376777533917064
7.160987138748169,0.1701675275548884,-0.5981404541233887,13.353129917257183,-53.97325146074616
7.181994915008545,0.2564415720299499,-1.2644988155487038,4.106767104036047,-31.719604834242904
7.199996471405029,0.2381151347667542,-1.4902347733968324,-1.018047376546552,-12.539802274664089
7.221988201141357,0.1166923092772219,-1.8017429640335585,-5.52129491155732,-14.16478805312643
7.237994194030762,0.0276427266427251,-1.903719600630278,-5.563515068999322,-6.37115343617494
7.255986928939819,-0.1732310800498111,-2.011663067334365,-11.164161963583178,-5.999280667984936
7.27298903465271,-0.2786812816123174,-2.025030871433214,-6.202184796590005,-0.7862440290977483
7.287993669509888,-0.374330212123071,-2.016253663839307,-6.374625668747827,0.5849664238719195
7.303988218307495,-0.5431625552635003,-1.9657961114532052,-10.55561774682162,3.154671821292596
7.320992708206177,-0.6096417659649219,-1.9224030428422612,-3.909509258879664,2.551859471792113
7.34298825263977,-0.7045142640179974,-1.829938322087499,-4.31325982130167,4.203793228847804
7.36098837852478,-0.7358153841627614,-1.7767507428231568,-1.738938957689793,2.9548448496482997
7.380987167358398,-0.7546206507849117,-1.6702057640948895,-0.9403202753227974,5.327571565192183
7.397987365722656,-0.7483513252745803,-1.617450280770245,0.3687795504499773,3.103227515013047
7.418994426727295,-0.7107681034400201,-1.4961303185806536,1.7890756744249594,5.775199213388406
7.438989639282227,-0.6477907362457441,-1.3392110803408417,3.1496222918992243,7.847840467247717
7.458986520767212,-0.6096417659649219,-1.2440583756276156,1.907745980765368,4.758377189196788
7.478989362716675,-0.5492902183747362,-0.9804112784647304,3.0171486503099736,13.180481944965043
7.49998664855957,-0.5272025002831225,-0.578507169205281,1.0519320571657187,19.140764776292976
7.51700234413147,-0.5394269743541754,-0.3107164584801176,-0.7184234120432308,15.737864467169157
7.5329930782318115,-0.5652798864062246,-0.0038079484190317,-1.6167432895714653,19.192896844837524
7.551987648010254,-0.5689486227664271,0.538099587949504,-0.1931465888933302,28.5296030754835
7.572008848190308,-0.4419571930126734,0.8225903074823083,6.342848011692626,14.209473806481922
7.589988708496094,-0.3347586330688193,0.8743012239781693,5.962146430545753,2.876046621965123
7.612013339996338,-0.0569761547059092,0.8000676597052984,12.612355324075722,-3.370479286886053
7.631994962692261,0.2833852366971249,0.50402024482137,17.033721263913325,-14.81598463694019
7.652998447418213,0.4733996005653905,0.2687923299301724,9.046801821103603,-11.199470847832565
7.674988746643066,0.847727287863727,-0.237088173673034,17.022400808228653,-23.00471214286427
7.690989255905151,1.009203404892273,-0.445020134474544,10.09193609925792,-12.995333923166342
7.707987308502197,1.262604923218119,-0.7291708809809906,14.907679387336676,-16.71666474051441
7.723994731903076,1.3556202141661633,-0.8082764343771671,5.810759709331953,-4.941804275123575
7.738987684249878,1.4289108419796992,-0.8554764487889751,4.888338608584319,-3.148146763894472
7.756994724273682,1.5138201720889892,-0.8758183188982682,4.715340777665148,-1.1296620700794224
7.774988889694214,1.5318708896617972,-0.855355575000801,1.0031428049567226,1.1371877171985023
7.794989824295044,1.5093894708031232,-0.7502645306215469,-1.124018417506396,5.2543066849932405
7.8109962940216064,1.4691199518457396,-0.6624484024242302,-2.5158276400296407,5.486289587740081
7.831986904144287,1.3286809804754915,-0.4063992989090752,-6.690561663021967,12.19826875058244
7.846987009048462,1.2303082821124574,-0.2425951930640447,-6.558134025826397,10.920197351382578
7.865987062454224,0.970950810749688,0.1842459643736647,-13.650354860798428,22.46526092964933
7.8809874057769775,0.8288124528881242,0.3975588416913763,-9.475673643146242,14.220533005677208
7.898998498916626,0.6836097969601129,0.5858845815905741,-8.061845819250788,10.45609716406551
7.918992280960083,0.3957734979678879,0.8766354266291247,-14.396290725116684,14.542063347824628
7.937012910842895,0.13437839929186,0.9923649291756732,-14.505325306377788,6.42205645968722
7.956009387969971,0.0143101833485782,0.9873983086210484,-6.3205517075664295,-0.2614495583260554
7.974001884460449,-0.1601628918072553,0.8070090797097073,-9.69699092330869,-10.025803201173431
7.992994785308838,-0.2098010952277117,0.6305018410523683,-2.6135135341722986,-9.293327020780692
8.010987997055054,-0.2141101412215183,0.0743836167493556,-0.2394817587089668,-30.907112757119123
8.029988765716553,-0.1915074511478713,-0.2485296674213048,1.1895671420623373,-16.994748471674985
8.049989700317383,-0.2054830433147128,-0.7521401361397553,-0.6987469558678304,-25.179346804001327
8.069035768508911,-0.2463912665836923,-0.9228728987576242,-2.147856599987151,-8.964199902098995
8.090991973876953,-0.3784145602801244,-1.120323824625137,-6.01302873075675,-8.992944024604059
8.11199951171875,-0.5394269743541754,-1.191532244247976,-7.664506677869626,-3.389660423753309
8.130998849868774,-0.6949450841006232,-1.1741784546911946,-8.185448804502062,0.9133891622829472
8.15099048614502,-0.7608902227245365,-1.1488018873160877,-3.2986363753662373,1.2693591972389304
8.165993213653564,-0.8205657894088246,-1.1088554409847171,-3.9776478410541936,2.6626122689103235
8.182996988296509,-0.9156653574642392,-1.0137558729293026,-5.5928504142388125,5.592850414238819
8.197988033294678,-0.9440677066057986,-0.9713552246654206,-1.894621031757861,2.828398438471832
8.215988397598267,-0.9662206551347116,-0.921151627999928,-1.2306944545836904,2.7890322561684484
8.236993074417114,-0.9723483182459476,-0.8331357825323901,-0.2917285118968079,4.190297533574083
8.254994630813599,-0.9378900723283812,-0.7440060187594779,1.9141814829019856,4.95122542794793
8.270986795425415,-0.9085018178751456,-0.6976314447099713,1.8376658298977904,2.8998309594212808
8.287987232208252,-0.8739489335449329,-0.6376835787897873,2.0324703871783,3.5262544536917653
8.305994987487793,-0.7859611207408672,-0.5023888049246247,4.88610664895199,7.513139298315201
8.320994853973389,-0.7358153841627614,-0.4201541418080879,3.3430788618192397,5.482359672701503
8.338990688323975,-0.641561939964515,-0.1895440915361928,5.237514547091698,12.814635086057375
8.358023166656494,-0.5910627564496934,-0.0609789216864477,2.653316222540342,6.755040914985534
8.373576402664185,-0.5333062084371204,0.0608801918645326,3.7134746739530473,7.834968458700562
8.392990350723267,-0.3784145602801244,0.2431308280724759,7.978369349996083,9.38761325894682
8.41300082206726,-0.1645263999591673,0.3048124424831207,10.688811704835356,3.0824668419995827
8.428993463516235,-0.0344993816447457,0.2808110541614102,8.130427905188759,-1.500776991611313
8.445993661880493,0.1030549994436879,0.2334265171000475,8.09133976798976,-2.7872931860010897
8.463988542556763,0.3957734979678879,0.0671269015329743,16.26676518673547,-9.24149587645659
8.482988119125366,0.5390627253085617,-0.0214626724121083,7.541706354522489,-4.662713067588858
8.513994455337524,0.8980093190598634,-0.1913612837185947,11.576556201133869,-5.479480392135648
8.531993865966797,0.9869839604864068,-0.202873902860012,4.943197489024668,-0.6396108949642144
8.547999382019043,1.1029930211937404,-0.134357303176538,7.248067499270271,4.280811656420098
8.562987565994263,1.1367834736744102,-0.0670731047490662,2.254472759110527,4.489149488604766
8.578987121582031,1.1526821795149549,0.0168600957350206,0.9936967157199662,5.245970741103125
8.597992181777954,1.142743563094316,0.2295825132381116,-0.522945800654244,11.192935739752418
8.615988731384277,1.1168650780712523,0.3538329892450559,-1.4379692546159475,6.904127664743462
8.636008262634277,1.035122791945653,0.599663882510989,-4.083126877688478,12.27955291240563
8.653987646102905,0.9807788936203332,0.7222993994790251,-3.0225673989402377,6.820896677687627
8.66999626159668,0.847727287863727,0.9454594940124904,-8.311250014615476,13.939999659573925
8.6859872341156,0.7690441431744706,1.04708777055152,-4.920472760249988,6.355353085547533
8.701993465423584,0.6836097969601129,1.1325221167658777,-5.337567886560886,5.337567886560886
8.721038341522217,0.4992582945050522,1.2525131473308917,-9.679847823651365,6.300436397883834
8.74099612236023,0.4015321614535799,1.2778109911392717,-4.896643261325811,1.267567973298729
8.759996175765991,0.2110775879638604,1.2473740202606798,-10.023896745046237,-1.601941332931303
8.776987552642822,0.1255430343811869,1.181008561383832,-5.033997786212716,-3.905831726170564
8.797993421554565,0.0098668213950936,0.9018936546701536,-5.50685208367769,-13.287472557616583
8.8199942111969,0.0054241613160204,0.3767676247927447,-0.2019318465972087,-23.868508286037137
8.841993570327759,0.0897848349301931,-0.3398244834203662,3.834687779419748,-32.57331742941178
8.860993385314941,0.1030549994436879,-0.6373338350577795,0.6984365122737746,-15.65853940357392
8.882509231567383,0.036531381432058,-1.0248397546583827,-3.0918429715067064,-18.010256954528703
8.901505708694458,-0.1243295537855801,-1.19534744522596,-8.467935088257352,-8.975753210818075
8.919509649276733,-0.223801363635294,-1.2214519287784174,-5.525002118016451,-1.4499316654131145
8.935502290725708,-0.3306084631550961,-1.2081007218161164,-6.678515232181996,0.8348343833567904
8.95350980758667,-0.5394269743541754,-1.097203406956586,-11.59618579348784,6.158390172047665
8.971501588821411,-0.641561939964515,-1.008802316968267,-5.67675675230656,4.913415121879149
8.98650336265564,-0.8330843275830639,-0.7680399606646886,-12.76664944658514,16.04892587796834
9.003501653671265,-0.9218710566856068,-0.6212825434665654,-5.223273858585506,8.633657175490306
9.019514083862305,-1.0019724854058472,-0.4737160902244204,-5.002452954646576,9.215743736682626
9.038509130477903,-1.1330262596106813,-0.1728239652903841,-6.899365758713114,15.840557331768496
9.054504871368408,-1.1864522492248772,-0.0191701840727305,-3.340013443573365,9.605918367237477
9.071523666381836,-1.232607058711807,0.2136330873425486,-2.7119904464748443,13.679186524756815
9.087504386901855,-1.2283959387608634,0.294491744454883,0.2635125209572491,5.059762919390294
9.103502035140991,-1.204597905240488,0.3544544724061944,1.487595749365034,3.748221429486237
9.119511365890505,-1.1626472230398073,0.3857858311666425,2.6203895001644746,1.9570686152138983
9.1355082988739,-1.0179536248054035,0.3652414331156519,9.04508372852259,-1.2842710582279444
9.152506589889526,-0.9182673622365832,0.3078240896104481,5.864487346238985,-3.377830362618523
9.172502040863035,-0.6574641193378067,0.0958511102568318,13.043128821864494,-10.601060192862391
9.189502716064451,-0.5074536299906943,-0.0416567214874873,8.823795971034006,-8.088374733073303
9.208513021469116,-0.1958338744979091,-0.3045978472857267,16.39214882977878,-13.831504555089465
9.227511882781982,-0.0477695461582398,-0.4002829460540276,7.793326447380226,-5.036359663486886
9.24251127243042,0.2110775879638604,-0.4654336403219299,17.257177804502504,-4.3435563576208
9.25950312614441,0.3156981736933504,-0.436945394660123,6.157102543988872,1.6765825636994929
9.276512861251833,0.3957734979678879,-0.3501147027711081,4.707617359637671,5.104764497545174
9.294504165649414,0.5092167020090931,-0.0826133176333432,6.305446316413018,14.868370809939805
9.312503099441528,0.5390627253085617,0.0967056744072023,1.658210627595332,9.962756356107567
9.330501794815063,0.6008498624174751,0.4259785617805838,3.432867539930904,18.294264141918656
9.347508907318115,0.6390978195939385,0.5526584046976053,2.248938917150118,7.448639085223318
9.366520404815674,0.7183878694710908,0.7432954722356255,4.170636736392517,10.02746193783532
9.384508609771729,0.7594644512725417,0.8118319484079717,2.283528673472494,3.8100786787665166
9.404505491256714,0.8256188430524553,0.922379950258869,3.3082354280884023,5.528262090961644
9.420512437820436,0.847727287863727,0.964007045536706,1.381178148078528,2.6005643932231077
9.442502498626707,0.8729061797562959,1.0273430514437083,1.1450123814748463,2.8802105853627684
9.457501649856567,0.8729061797562959,1.055830228510579,0.0,1.899252606384939
9.478517055511476,0.8381928175358638,1.1147952953677829,-1.6518054797731827,2.8058019828627483
9.495512247085571,0.8067516647874654,1.1362260204298966,-1.8500028441173704,1.260987554549119
9.512514352798462,0.712119105372879,1.176919109819777,-5.565931715319123,2.393414679161069
9.53051257133484,0.6551309693306574,1.1828579189172062,-3.166320929320895,0.3299664955965312
9.548502683639526,0.5291208838162693,1.145745589668103,-7.004407942553806,-2.0629292702877207
9.563509464263916,0.4653480531543993,1.097231938788883,-4.249601047557378,-3.232782039898264
9.580506563186646,0.4056718173281284,1.025397984994606,-3.5109659652841363,-4.226247909766323
9.598501682281494,0.3114368358510523,0.7706650847160941,-5.236696738731351,-14.15566626349436
9.614505529403688,0.2888186772603515,0.5754593801832404,-1.4132950919867533,-12.19742372208516
9.634506464004517,0.2931147447506045,0.0562785362887596,0.2147933372110911,-25.9578291842889
9.65151596069336,0.3071648789263652,-0.2345075365091136,0.8260170440537891,-17.09551306057232
9.668503046035768,0.2564415720299499,-0.6524677672647416,-2.9859923508942168,-24.60458768122014
9.68750262260437,0.1927914040573513,-0.782808837231915,-3.3500835001649145,-6.860209199743944
9.704506158828735,0.1033903779155974,-0.8516823747877641,-5.257790200937532,-4.050541995914752
9.72251033782959,-0.1236584394415835,-0.8476201910066578,-12.610895356372827,0.2256244942306755
9.737509965896606,-0.2561513825656035,-0.7733962128638199,-8.83308189590147,4.948387907434354
9.751511335372925,-0.392381781009927,-0.6650394479449148,-9.729790980428088,7.739011894670561
9.76850438117981,-0.6824265459263837,-0.336547425442875,-17.068438949240317,19.330967869747667
9.785512447357178,-0.8268277689188099,-0.1333294436853941,-8.490161167445017,11.94832967124114
9.806504726409912,-1.079505991151366,0.238609322508201,-12.036721767932251,17.717884049619084
9.824503898620604,-1.1807522404406288,0.3911604302587905,-5.625050313653428,8.475451313253082
9.844501972198486,-1.3196769990115391,0.5968280128894927,-6.946907062316741,10.284369733401904
9.86350154876709,-1.378732195336594,0.6972615578297707,-3.1082374973894136,5.286093854651623
9.88250207901001,-1.383099492926087,0.7142807974612709,-0.2298513532863338,0.8957244568394087
9.903513669967651,-1.3336058607527843,0.6808936690630327,2.3555394864234347,-1.588986215539086
9.921505451202393,-1.2831223105700402,0.6269270751223938,2.8059228557794573,-2.999513679970287
9.939509868621826,-1.123129092499521,0.4416584549926977,8.886331300996494,-10.290175783734108
9.956501960754396,-1.0141231290725237,0.304254377856252,6.415099599069855,-8.086354291422793
9.97550368309021,-0.7358153841627614,-0.0761998396604213,14.646448358272949,-20.022091197468644
9.994508504867554,-0.5812670392349076,-0.2786951156270696,8.132059681406522,-10.654942116218598
10.009509801864624,-0.4261042157700932,-0.4591607791998692,10.343293882863398,-12.030004046186384
10.028502225875854,-0.1375059507719026,-0.7028635697914674,15.1954413416391,-12.831579078452204
10.051507711410522,0.1122616079913563,-0.7753640241769983,10.85686969687614,-3.151442045258158
10.069509744644163,0.2110775879638604,-0.7368406445118922,5.489156624143692,2.1399460363795355
10.088509798049929,0.3395483107948554,-0.4969778242016825,6.761597985405484,12.624323478873585
10.10450839996338,0.3676753508284875,-0.304012174756574,1.7580936250424453,12.061407021000797
10.12250804901123,0.3676753508284875,0.2027178741939473,0.0,28.152218279556102
10.141501903533936,0.3676753508284875,0.4421501162094908,0.0,12.605774237626614
10.156509160995483,0.3817308088695864,0.64128359403275,0.9365773911130852,13.269145167495552
10.174503326416016,0.4535349257844677,0.917429147180326,3.9904110714103633,15.346394050178082
10.191503047943115,0.4992582945050522,1.0089288684452111,2.6896539833135478,5.382424713194493
10.209511756896973,0.6008498624174751,1.1191586774508997,5.641246586455726,6.12091679021096
10.226502180099487,0.6515210199215927,1.1407986693526708,2.9823363962245586,1.2736582040268618
10.245508670806885,0.7309473267050369,1.1636796687055493,4.17890435463349,1.203851868560513
10.26350235939026,0.7594644512725417,1.1678172362360413,1.584840397529959,0.2299454895709966
10.285506010055542,0.7909624592416843,1.1547173770920476,1.431490094452342,-0.5953493510357497
10.303508281707764,0.7816047086838983,1.137162425003107,-0.51980942953003,-0.9751520490345544
10.32050395011902,0.7657575469460575,1.1189859206294912,-0.932423565486046,-1.069478642074405
10.33850383758545,0.7406126007970806,1.0984430932697884,-1.396950186264863,-1.1412753217493534
10.358520984649658,0.6675787881508904,1.030080889134035,-3.648562525514732,-3.4151821893733443
10.37650203704834,0.5848289482495154,0.9094430574886468,-4.602057658618594,-6.709164122909364
10.393510341644289,0.545130467616833,0.8160052105696814,-2.334064539398105,-5.493660252370458
10.409514904022217,0.5092167020090931,0.6944312317287663,-2.2439704853951574,-7.596207629429831
10.427509784698486,0.4634645175028749,0.359222375604975,-2.5425111357672514,-18.628012163806275
10.443509340286257,0.4535349257844677,0.1457184300978195,-0.6206167205043008,-13.344367244198729
10.45951223373413,0.4436127769025793,-0.0741648782789633,-0.620022180001786,-13.740221985041554
10.474507331848145,0.385893916440545,-0.4489110769985658,-3.8491819141945536,-24.99124686415912
10.493503332138062,0.3254878498879348,-0.57430089989009,-3.179936072367483,-6.600853915446647
10.509502172470093,0.2381151347667542,-0.6341413300015456,-5.461190518055978,-3.740297975950741
10.528509616851808,0.0098668213950936,-0.6248307494013722,-12.008364132910318,0.4898386344421283
10.549505949020386,-0.2744474399127905,-0.4260458249945237,-13.541139424978187,9.467602379825603
10.56950855255127,-0.4261042157700932,-0.2804140535812123,-7.581851813597484,7.280640802006481
10.588512659072876,-0.7295497527685808,0.0676534631238694,-15.967366666435463,18.31538443069404
10.604501485824583,-0.8614827619332679,0.2186039305954433,-8.251575379074344,9.440997129788736
10.621503353118896,-1.075553442564616,0.4389959469149204,-12.591009971179568,12.962812407859207
10.6385018825531,-1.1527872303367217,0.4972385116892512,-4.543557021861983,3.426329612792051
10.655505418777466,-1.2087809951995092,0.5273103576926862,-3.2930658731182745,1.7685642331471911
10.677502870559692,-1.2691196069257555,0.5145387626810377,-2.7429818837015723,-0.5805942951068378
10.6955144405365,-1.2466077910824718,0.3895020717717062,1.2498530595762645,-6.942020660627601
10.714502096176147,-1.2144101527501967,0.3030359259553069,1.69571425474152,-4.553808403595012
10.7345073223114,-1.0834742242903994,0.0403893673535411,6.545086147717043,-13.128897260447404
10.758524417877195,-0.8961064069318493,-0.2782557613306184,7.801435308663684,-13.267429769399763
10.776503086090088,-0.7859611207408672,-0.4454273277904501,6.12644300938867,-9.298328690440504
10.795510530471802,-0.5591313762943657,-0.7161966118829107,11.933731852174894,-14.24543345516531
10.814502954483032,-0.4459055489460705,-0.8152492722053077,5.9616311894333895,-5.215377471765893
10.833510398864746,-0.2280997834116757,-0.9154467728008848,11.458971609246696,-5.271487243807068
10.85050344467163,-0.1280379161457311,-0.9154115641999986,5.8884009613747015,0.0020719417393592
10.8705096244812,0.0320871418236822,-0.783513549162206,8.003779806718258,6.59286361980496
10.888513326644896,0.1166923092772219,-0.4562234164527169,4.699320544423493,18.1790461613754
10.907512664794922,0.1211195078013138,-0.2150462675893426,0.2330185656538868,12.693976335331678
10.931515216827393,0.1030549994436879,0.3354389185008207,-0.7526078199179876,22.934444026846226
10.9545259475708,0.143197068316412,0.7402401250299974,1.7444934417922986,17.59184491110255
10.977514505386353,0.2607684966001617,0.9487821463605022,5.114345546470632,9.07155738101266
10.99951148033142,0.4155869831214031,1.0154828192013314,7.038171698965863,3.032265709598551
11.021515369415283,0.4932784045948764,1.014908758355387,3.530804085467434,-0.0260890628814055
11.043503046035768,0.6551309693306574,0.9297342571885944,7.361058084008818,-3.87373812326516
11.066511631011965,0.7972693271922211,0.7875958993270308,6.177622744232818,-6.177622744232818
11.08650517463684,0.9076939106092544,0.6226686845703671,5.523012102748625,-8.249023677395792
11.10550308227539,0.9522617690528282,0.5280089375654802,2.345935104618487,-4.98264065737466
11.127502679824827,1.012908632739917,0.3416567294968202,2.7567260515016465,-8.470709868663777
11.148503065109251,1.0252319176628706,0.1850802457219348,0.5868123253954691,-7.455886244669024
11.168510913848875,1.012908632739917,0.1178095144691566,-0.6159225353672435,-3.362217104308351
11.194509744644163,0.9042696053934464,-0.0233718924969721,-4.178612038436746,-5.4302983114039085
11.213512420654297,0.8414244326071052,-0.0412033530398347,-3.3071748817289364,-0.9383657613988284
11.233501672744753,0.673820011027517,-0.0280330584495988,-8.384726993343987,0.6588688026264615
11.252502679824827,0.5749271076301613,-0.0045338826076893,-5.204613786026181,1.2367331764508156
11.273508548736572,0.3493932810393668,0.0671378560803166,-10.736705419727324,3.411986382907419
11.299503326416016,0.1166923092772219,0.1296193632394433,-8.951835427550686,2.403617677735979
11.320510387420654,-0.1104855015846378,0.1516409192406901,-10.8143547929763,1.0482930475797707
11.339508295059204,-0.2098010952277117,0.1292704505313537,-5.227712205608715,-1.1775227638196903
11.359502792358398,-0.3824846138987666,0.03549337914573,-8.636552151676907,-4.6901439922374255
11.381503820419312,-0.5272025002831225,-0.0895592239884777,-6.577778364887455,-5.6839436224516975
11.403505563735962,-0.6477907362457441,-0.2283791708773464,-5.480849141229791,-6.309497610755829
11.427505731582642,-0.7483513252745803,-0.3513539384578536,-4.189995239668636,-5.123912814531427
11.451505422592165,-0.8268277689188099,-0.4516560592429848,-3.269893917096492,-4.179308839657061
11.471518993377686,-0.855237276111977,-0.4975877843482881,-1.419512164901532,-2.2950289879569925
11.494508743286133,-0.8898923753769766,-0.5768338047284441,-1.5074152351812282,-3.4470153305599114
11.517513036727903,-0.8863789346747133,-0.665783430767876,0.1527297811235288,-3.86665325168876
11.541504859924316,-0.8489841521079975,-0.7389824753039146,1.558646971536101,-3.050999665043721
11.56750750541687,-0.7734281345735359,-0.8100623188757228,2.905705019748792,-2.733561998226799
11.58750319480896,-0.6699316168225724,-0.8553667381900474,5.175941460258228,-2.265709294936674
11.607506036758425,-0.6132011696268946,-0.8535250104785262,2.8361193543900933,0.0920733021924711
11.631508111953735,-0.4876487811438204,-0.8159549841981092,5.230897222903214,1.5652824172367528
11.652521133422852,-0.3725979303912498,-0.678746493772224,5.475216923071536,6.529688775483657
11.673503637313845,-0.2927053041293607,-0.4141387511690437,3.807583054765487,12.610875421631114
11.692509412765505,-0.2689030824269762,-0.2315286393566588,1.252367826975743,9.608137919804468
11.716507911682127,-0.2323885629394076,0.1787627146806784,1.5215334765072157,17.096542390536374
11.737502574920654,-0.1506247316565093,0.5000180126958758,3.894505491893815,15.301759993258242
11.759521484375,0.0098668213950936,0.6333059716283783,7.288805714214334,6.053340616567027
11.780519008636476,0.224167964693203,0.6081013244466772,10.206019558758184,-1.200362807911863
11.800504207611084,0.3479907574148095,0.5358990921699727,6.1957247900768895,-3.612785260153547
11.819509744644163,0.6008498624174751,0.3086648028052853,13.304496713907044,-11.956215126631948
11.839503526687622,0.7280724610204822,0.1686435636870865,6.363108206665718,-7.003239247775073
11.85951042175293,0.9522617690528282,-0.1038658424752749,11.20560223365669,-13.62077450163162
11.883508920669556,1.1168650780712523,-0.2974140194207678,6.858900199978267,-8.065011800025717
11.905503273010254,1.2063820349223544,-0.3933411448821816,4.069997400444492,-4.361443518566842
11.929511308670044,1.2245496186267657,-0.3891482387646583,0.7567292868878535,0.1746459467546454
11.94850492477417,1.2063820349223544,-0.3515648223043856,-0.9565099981390344,1.9787393961336543
11.96951174736023,1.1168650780712523,-0.2108454644067635,-4.2613277893110215,6.698745482384639
11.991503715515137,0.958502991929455,0.0191583135565168,-7.200905577269167,10.458535422713313
12.01150369644165,0.7468914867088826,0.2963201075852464,-10.58058535146112,13.858102917553303
12.034502744674684,0.6329062544665154,0.4243314380310678,-4.956084751309696,5.565940344521128
12.05650234222412,0.4015321614535799,0.6239407490953348,-10.517196621119147,9.07331648298093
12.076512575149536,0.1884054672685589,0.7014073140413917,-10.65088522354622,3.8713474867984377
12.09650421142578,0.0942108904185482,0.690083926607945,-4.711699210030974,-0.566406234936434
12.117507696151732,-0.0521872590695111,0.5333769281277215,-6.970183824171238,-7.460999949527163
12.13750433921814,-0.1236584394415835,0.1965191909931675,-3.5741589293125826,-16.845714353948974
12.15650200843811,-0.1375059507719026,-0.0207531357202255,-0.7289058026003682,-11.436788597466071
12.177515029907228,-0.1732310800498111,-0.4246112335466945,-1.7001424250394124,-19.21942060641005
12.196515321731567,-0.2561513825656035,-0.6927885137861349,-4.364159418307732,-14.1143769116159
12.215504169464111,-0.3165759563397429,-0.7669380293820468,-3.1821084999581672,-3.904898108631999
12.23750352859497,-0.4558042749244746,-0.8380181324592494,-6.328744294620409,-3.231007896838945
12.256503343582152,-0.5998455160452085,-0.8089866421539953,-7.581191775704392,1.5279880527699297
12.27850341796875,-0.6699316168225724,-0.7695229003561999,-3.1857210819279373,1.7938003801404565
12.29850435256958,-0.7859611207408672,-0.6718149486045147,-5.801204105406122,4.8851693034199535
12.31950855255127,-0.8801686861690421,-0.5319223621226966,-4.485177512607047,6.660219699096866
12.339502096176147,-0.912074212680843,-0.4681529286209563,-1.5957914770096535,3.1895013059311865
12.360504388809204,-0.9440677066057986,-0.3442822190596928,-1.5233334038303687,5.897961319056028
12.383502960205078,-0.9342438342745404,-0.2342758044818722,0.4271514157188382,4.78318468935666
12.40450954437256,-0.8801686861690421,-0.152812198809861,2.5741999591351914,3.878003440374756
12.424503326416016,-0.839334983291193,-0.1183285708402558,2.0423200967728805,1.724717609437482
12.443511724472046,-0.723286335755216,-0.0729116910206943,6.105125071239843,2.389306015461586
12.460511445999146,-0.6477907362457441,-0.0684550117750588,4.440990364996433,0.2621618970952564
12.48151397705078,-0.4777301539231982,-0.0613563369575858,8.097147048822057,0.3379913973235224
12.504508018493652,-0.282903814797641,-0.0682847953625413,8.472905452902003,-0.3013153830382227
12.528514862060549,-0.0835044503959353,-0.0614307841935491,8.305938423186864,0.2855023880958601
12.550503730773926,0.1166923092772219,-0.0395405241099023,9.10445927358462,0.9955155205564508
12.574504375457764,0.3016767198691411,0.0104844910815745,7.70747673775981,2.084319644345383
12.595503807067873,0.385893916440545,0.0424714723402114,4.01045124149306,1.5232308117921136
12.61551547050476,0.545130467616833,0.1069766831671608,7.95718715130648,3.2233807564462618
12.639503717422484,0.6773715129305311,0.1872365230524781,5.5127432099253095,3.345798472084858
12.660504817962646,0.7816047086838983,0.2654777805988902,4.963225405927582,3.725578923675385
12.679509162902832,0.8256188430524553,0.2989688738904053,2.316003761618064,1.762286119144085
12.698508262634276,0.8854691792832651,0.3739299763995058,3.1501669593192267,3.945508132947626
12.716508388519289,0.9014176761850216,0.4155947740925858,0.8860214091634854,2.3146947948723917
12.737505435943604,0.9042696053934464,0.5012501340361273,0.1358252496549546,4.079400222925875
12.759524822235107,0.8666173288078037,0.5950660128989129,-1.709960308937879,4.2606037071516445
12.781512022018433,0.8004629370278901,0.6747504268600221,-3.008768393967307,3.624127435342665
12.801504611968994,0.7531756003240497,0.708507741382667,-2.365243163630842,1.6884913163387738
12.821502923965454,0.6453028864600127,0.7477407777878412,-5.394090955433257,1.9618173979943447
12.841509819030762,0.5191715550077052,0.7417363315753607,-6.304393112503594,-0.300118843672668
12.860507249832152,0.4594286117461701,0.7037527688333123,-3.144790676492882,-1.9994052426955555
12.881509780883787,0.3479907574148095,0.56152390780795,-5.305924988630429,-6.771986703682794
12.898516178131104,0.3028824196782292,0.4431662184011963,-2.6524334978534965,-6.959598066865338
12.916507720947266,0.2424581270443828,0.1212198965823801,-3.358483107939261,-17.894314295803824
12.93750286102295,0.2198118532446161,-0.0655769993219217,-1.078643615528691,-8.897149303645207
12.959513187408447,0.1475997286549262,-0.3889747493662571,-3.280829340053235,-14.693001111397084
12.98151969909668,0.0098668213950936,-0.5540990644563097,-6.258734197000552,-7.503429777030489
13.003503561019896,-0.1828296814813054,-0.5654022336798061,-8.765361770803652,-0.5141575789992929
13.022523164749146,-0.2927053041293607,-0.5223123044727727,-5.776966976398689,2.265553468959528
13.043511867523192,-0.523430860602493,-0.3492011815691299,-10.992845006048691,8.247823830145974
13.065513849258425,-0.7483513252745803,-0.1179501464873316,-10.222736632489127,10.510463914780908
13.089513778686523,-0.9342438342745404,0.093347165631374,-7.74554398407129,8.804080559974725
13.109504699707031,-1.0597065985849734,0.2315548585240129,-6.275987193472795,6.913523031322955
13.128520965576172,-1.099305383717759,0.2681993522170514,-2.0823638776026026,1.927007854497063
13.147505521774292,-1.123129092499521,0.2758698373931865,-1.2548994315769646,0.4040381611288156
13.164501667022703,-1.1092002307582756,0.2457310353849685,0.8195306369569851,-1.7732727961378203
13.18552017211914,-1.0300414225497747,0.1213394044771023,3.76614834619828,-5.918195910562701
13.20550274848938,-0.9662206551347116,0.0286117185875072,3.1938207682825883,-4.640426948533908
13.229518175125122,-0.8017521836204263,-0.1870939203301951,6.848450956499216,-8.981961561185319
13.251512050628662,-0.5972435112728649,-0.4217304600963945,9.298437299722124,-10.66826716048444
13.269504070281982,-0.3883273236171303,-0.5805214463603398,11.611602904023083,-8.82563432697459
13.287512063980104,-0.2884899093289623,-0.6219148558210267,5.544060929929704,-2.2986130578781827
13.30851411819458,-0.1060835481385237,-0.6167654379835232,8.685167618732203,0.2451863891463412
13.32851243019104,-0.0300708869662419,-0.5651441085041821,3.800953859792634,2.58128433482181
13.348516702651978,0.0764927211338082,-0.3308487734918769,5.327042425968643,11.712264740935492
13.3685040473938,0.1255430343811869,0.0331622441219697,2.4540685058954503,18.21207480612441
13.387508630752563,0.1475997286549262,0.2218481699686872,1.1605986754541022,9.928443169983952
13.404511451721191,0.215448345092704,0.5237719486013047,3.990432914806664,17.75727564206551
13.421510219573976,0.2650865485131602,0.6281677138019359,2.9201059659349924,6.141372486802831
13.442514657974243,0.3957734979678879,0.7268481619055137,6.221873061507647,4.698076007703024
13.460504055023192,0.4634645175028749,0.746086125457789,3.7628287013064257,1.069405689358439
13.47851037979126,0.6070035700103478,0.7069169991192759,7.971590780259303,-2.1752982267640864
13.49651312828064,0.6773715129305311,0.6595887247948405,3.908733322675398,-2.628947149506368
13.514501571655272,0.8004629370278901,0.5397238965986921,6.842805768893545,-6.663435278962187
13.532511711120604,0.847727287863727,0.4792784156387301,2.624318980250915,-3.3561917205757568
13.551503896713257,0.9202234900338532,0.3492708885168339,3.817159526820178,-6.845316800832016
13.570511102676392,0.9424719831202326,0.2822402503518351,1.170529383936355,-3.526590825343158
13.591519594192505,0.9522617690528282,0.1743997732040421,0.4659918550119102,-5.133185172532759
13.614505290985107,0.9105227293974256,0.1138368713690017,-1.8158701053098127,-2.6348081757752606
13.63351273536682,0.8729061797562959,0.0920496446863242,-1.979042994192252,-1.1462470306443693
13.651513576507568,0.7627688180424451,0.0825189544329811,-6.118456401714564,-0.5294580502557317
13.668505668640137,0.6933624007627279,0.0843234527400662,-4.084630470351999,0.1061963584593815
13.686511993408203,0.5291208838162693,0.1066475158994957,-9.12132370497589,1.2397900985891634
13.706502914428713,0.4354601921168037,0.1248261417554374,-4.685161409190862,0.9093440886136768
13.72350263595581,0.24679290443332,0.1369707901490514,-11.098257543967716,0.7144027844370267
13.74150562286377,0.1519977211894862,0.1327376134258998,-5.265525311354063,-0.2351374660657115
13.76051425933838,-0.0300708869662419,0.0893772356845799,-9.578204538706643,-2.2810882726511257
13.777523040771484,-0.119273106400286,0.0611538658591459,-5.24448031652774,-1.6593410842766614
13.794503927230837,-0.2744474399127905,-0.0424484652242268,-9.138176259759229,-6.10111441068636
13.813512802124023,-0.3487518315374507,-0.0872530508206309,-3.90893159338357,-2.357035113764629
13.833504676818848,-0.4854694509596728,-0.1891447539066088,-6.83865928079359,-5.096655748465507
13.85352373123169,-0.5492902183747362,-0.2308257082019215,-3.188001096301717,-2.082064089329577
13.871504068374634,-0.6636942021267377,-0.2964630104774658,-6.362727397294367,-3.650504534688384
13.889509916305542,-0.7137586898890217,-0.3214215154553671,-2.780457102292032,-1.3861332759041225
13.909507274627686,-0.792224537754232,-0.3720977255950335,-3.923810665447904,-2.5341452267498457
13.926507949829102,-0.8205657894088246,-0.3922904559140938,-1.667066238182827,-1.1877604906761812
13.946542263031006,-0.8518166713827102,-0.4408938391581101,-1.5598678955920056,-2.42600695887077
13.966502666473389,-0.8427238657744146,-0.4924711871248234,0.4555421755147724,-2.5839832403986778
13.985515117645264,-0.8268277689188099,-0.5171666047817889,0.8360887668771328,-1.2989076176299277
14.004520654678345,-0.7671595482348678,-0.5671047453523933,3.139517740544959,-2.627557457791487
14.022504806518556,-0.723286335755216,-0.5934050033381011,2.439548601983979,-1.462413030060401
14.044513702392578,-0.6256184981324712,-0.6014824916560382,4.437652764672295,-0.3670101564463645
14.06550359725952,-0.5135383881036006,-0.5679796727671311,5.33971755167691,1.596140385708653
14.082512855529783,-0.4558042749244746,-0.5330418290261464,3.394275768042121,2.054048635504853
14.101513385772703,-0.3503863640426796,-0.3851505073853249,5.548156263748292,7.783536551351216
14.120513677597046,-0.3067298783099389,-0.278562486917955,2.297674485020982,5.609809652019268
14.141520023345947,-0.2280997834116757,-0.0132752372996501,3.7431591309676295,12.62890998698236
14.164501905441284,-0.1375059507719026,0.2419205686844052,3.9419675144080046,11.104217005613974
14.182512998580933,-0.0746772674042352,0.3297949745197872,3.488332600388394,4.878904636939609
14.201506853103638,0.0809255782024171,0.4305640300221817,8.192273212403842,5.305350495442413
